https://www.youtube.com/user/EminemMusic,start
https://www.youtube.com/user/InterscopeGeffenAM,Interscope Records
https://www.youtube.com/user/EminemVEVO,EminemVEVO
https://www.youtube.com/user/slaughterhouseVEVO,slaughterhouseVEVO
https://www.youtube.com/user/YelawolfVEVO,YelawolfVEVO
https://www.youtube.com/user/ShadyRecords45,Shady Records
https://www.youtube.com/user/YelaWolfMusic,YelaWolf
https://www.youtube.com/user/WorldStarHipHopTV,WORLDSTARHIPHOP
https://www.youtube.com/user/GooodLifeFilms,Lyrical Lemonade
https://www.youtube.com/user/GEazyTV,G-Eazy
https://www.youtube.com/user/postmalone,Post Malone
https://www.youtube.com/channel/UC6pjHMC4QXMi4llCCjtDXWg,Lil pump
https://www.youtube.com/user/TravisScottXX,Travis Scott
https://www.youtube.com/user/LanaDelReyVEVO,LanaDelReyVEVO
https://www.youtube.com/user/GwenStefaniVEVO,GwenStefaniVEVO
https://www.youtube.com/user/U2VEVO,U2VEVO
https://www.youtube.com/user/Maroon5VEVO,Maroon5VEVO
https://www.youtube.com/user/MGKVEVO,MGKVEVO
https://www.youtube.com/user/ImagineDragonsVEVO,ImagineDragonsVEVO
https://www.youtube.com/user/SelenaGomezVEVO,SelenaGomezVEVO
https://www.youtube.com/user/DJSnakeVEVO,DJSnakeVEVO
https://www.youtube.com/channel/UCiGm_E4ZwYSHV3bcW1pnSeQ,Billie Eilish
https://www.youtube.com/channel/UC2Qw1dzXDBAZPwS7zm37g8g,COLORS
https://www.youtube.com/user/yolandmacki,ChillMusic 2.0
https://www.youtube.com/user/Maroon5,Maroon 5
https://www.youtube.com/user/50CentMusic,50 Cent
https://www.youtube.com/channel/UCkntT5Je5DDopF70YUsnuEQ,Khalid
https://www.youtube.com/user/VEVO,Vevo
https://www.youtube.com/user/50CentVEVO,50CentVEVO
https://www.youtube.com/user/KanyeWestVEVO,KanyeWestVEVO
https://www.youtube.com/user/SnoopDoggVEVO,SnoopDoggVEVO
https://www.youtube.com/channel/UCPVhZsC2od1xjGhgEc2NEPQ,Vevo Playlists
https://www.youtube.com/user/rihanna,Rihanna
https://www.youtube.com/user/AtlanticVideos,Atlantic Records
https://www.youtube.com/user/D12VEVO,D12VEVO
https://www.youtube.com/user/BadMeetsEvilVEVO,BadMeetsEvilVEVO
https://www.youtube.com/user/RittzMusic,RittzMusic
https://www.youtube.com/user/StrangeMusicInc,Strange Music Inc
https://www.youtube.com/user/HipHopDX,HipHopDX
https://www.youtube.com/channel/UCKUCm3FepRrl-VKhq0Wwajg,No Life Shaq
https://www.youtube.com/user/merkmikzgogetit,Young Merkules
https://www.youtube.com/channel/UCMv31RI59BTfQoGvTWfQhIg,Worldstar Camera
https://www.youtube.com/channel/UChEYVadfkMCfrKUi6qr3I1Q,Kodak Black
https://www.youtube.com/channel/UCOjEHmBKwdS7joWpW0VrXkg,21 Savage
https://www.youtube.com/user/Migosatl,Migos ATL
https://www.youtube.com/user/MeekMillTV,Meek Mill
https://www.youtube.com/channel/UCVS88tG_NYgxF6Udnx2815Q,Lil Baby Official 4PF
https://www.youtube.com/user/GEazyMusicVEVO,GEazyMusicVEVO
https://www.youtube.com/channel/UCDBcF97Aeud44QvMTM0xObw,Dakari
https://www.youtube.com/user/TygaTygaTV,Tyga
https://www.youtube.com/channel/UCiIETTq2It3OzW8_WYRPTyQ,Russ
https://www.youtube.com/user/h3h3Productions,h3h3Productions
https://www.youtube.com/user/RepublicRecordsMusic,Republic Records
https://www.youtube.com/channel/UCHRTD2e6AjQ75xrjbQzq4nQ,Tha Lights Global
https://www.youtube.com/user/RapGeniusVideo,Genius
