https://www.youtube.com/channel/UCHmk8iNJHvf5mGN6_pkPc7g,start
https://www.youtube.com/user/Studiounplugged,Being Indian Music
https://www.youtube.com/user/NehaKakkarOfficial,Neha Kakkar
https://www.youtube.com/user/UditShandilya,UD!T SHANDILYA
https://www.youtube.com/user/zeemusiccompany,Zee Music Company
https://www.youtube.com/user/tseries,T-Series
https://www.youtube.com/user/raftaarmusic,Raftaar
https://www.youtube.com/user/sonymusicindiaSME,Sony Music India
https://www.youtube.com/user/speedrecordss,Speed Records
https://www.youtube.com/channel/UClZF7OsrECe3t_ADrjZEh_Q,Geet MP3
https://www.youtube.com/user/BeingIndianchannel,BeingIndian
https://www.youtube.com/channel/UCzeeLm_6BDOX-mGOU-LoUTA,Awesome Sauce India
https://www.youtube.com/channel/UCBd9_nbjg_KjhtGBWLgvTyA,Put Chutney Music
https://www.youtube.com/user/EMIPAKISTANLTD,EMI Pakistan
https://www.youtube.com/user/sabarishSFC,VIVA
https://www.youtube.com/user/sandykmusic,Sandeep Kulkarni
https://www.youtube.com/channel/UCBzRNetz7eOSqcAdNXhPZPA,Pehchan Music
https://www.youtube.com/user/sonymusicindiaVEVO,SonyMusicIndiaVEVO
https://www.youtube.com/channel/UCayzTot0bZq1U5NUNhvNDdQ,Strumm Sound
https://www.youtube.com/user/FoxStarHindi,FoxStarHindi
https://www.youtube.com/user/zeemusicmarathi,Zee Music Marathi
https://www.youtube.com/channel/UCLsSLka8jODBozvi5VTQeaQ,Zee Music South
https://www.youtube.com/channel/UCWpuUYOAmHPYDrmcQLJsmwQ,Zee Music Bangla
https://www.youtube.com/channel/UC6wE1QldDPmYWwGyuudy3Tg,Zee Music Gujarati
https://www.youtube.com/channel/UC3mMTXPmOZS89QtTbg7ckog,Zee Music Bhojpuri
https://www.youtube.com/channel/UCb_PYu8bTraFfiZQEZNDbGA,Zee Music Odia
https://www.youtube.com/user/zeefilmimusic,Zee Music Classic
https://www.youtube.com/channel/UCAxc94GxnW6mi1ACG_gElIQ,Zee Music Devotional
https://www.youtube.com/user/ETCNetworks,ETC Bollywood
https://www.youtube.com/user/tipsmusic,Tips Official
https://www.youtube.com/user/WHBBP,White Hill Music
https://www.youtube.com/user/tseriesapnapunjab,T-Series Apna Punjab
https://www.youtube.com/user/yrf,YRF
https://www.youtube.com/user/kidshut,T-Series Kids Hut
https://www.youtube.com/user/TseriesTelugu,T-Series Telugu
https://www.youtube.com/user/TseriesKannada,T-Series Kannada
https://www.youtube.com/user/tseriesshabad,Shabad Gurbani
https://www.youtube.com/user/TheBodyworkouts,Health And Fitness
https://www.youtube.com/user/tseriesbhakti,T-Series Bhakti Sagar
https://www.youtube.com/user/popchartbusters,Pop Chartbusters
https://www.youtube.com/user/tseriesoldisgold,Bollywood Classics
https://www.youtube.com/user/TseriesTamil,T-Series Tamil
https://www.youtube.com/user/SonyMusicSouthVEVO,SonyMusicSouthVEVO
https://www.youtube.com/user/SonyMusicIn,Sony Music In
https://www.youtube.com/channel/UCAEvGGmhos4hKtNBu1-rylA,LyricGuruVEVO
https://www.youtube.com/user/MadStuffWithRob,Mad Stuff With Rob
https://www.youtube.com/channel/UC_oLUu-LxYOn9mDRR9k5x-A,Speed Records Bhojpuri
https://www.youtube.com/channel/UCSr7mdej7JntTjXePqCuerA,Speed Health & Fitness
https://www.youtube.com/channel/UCYg1fDh97uJwKwCU_-uyo2A,Foodies
https://www.youtube.com/channel/UC82dRFIxmjA293G7tYunPWQ,Poon Poon
https://www.youtube.com/channel/UCrg86qHshl4dGNc04A8RNDg,FAMOUS STUDIOS
https://www.youtube.com/channel/UCIDHnOhRwIRa-6CVOnZWRiw,OOPS !
https://www.youtube.com/user/shirleysetia,Shirley Setia
https://www.youtube.com/user/timesmusicindia,Times Music
https://www.youtube.com/user/speedpunjabi,Speed Punjabi
https://www.youtube.com/user/SpineMusic,Speed Records Classic Hitz
https://www.youtube.com/user/officialjassrecords,Jass Records
https://www.youtube.com/channel/UCMURzVkw1oxLjSk4OheGWVQ,Guri
https://www.youtube.com/channel/UCHuLFyYug1hDBBI4Zqlwmzw,Jass Manak
https://www.youtube.com/user/htpunjabi,Lokdhun Punjabi
